task,model,comparison_scope,entity_count,train_target_days,validation_target_days,test_target_days,context_days,anchor_slots,scope_energy_coverage,operational_terminal_energy_mae_kwh,operational_terminal_energy_wape,raw_valid_signature_rate,projected_valid_signature_rate,projection_mean_absolute_adjustment,aggregate_lower_curve_mae_kwh,aggregate_upper_curve_mae_kwh,aggregate_occupied_equivalent_mae,aggregate_terminal_energy_mae_kwh,aggregate_terminal_energy_wape,aggregate_flexibility_width_mae_kwh,scope_test_energy_kwh,actual_active_rate,predicted_active_rate,participation_precision,participation_recall,participation_f1,raw_aggregate_lower_curve_mae_kwh,raw_aggregate_upper_curve_mae_kwh,raw_aggregate_occupied_equivalent_mae,raw_aggregate_terminal_energy_mae_kwh,raw_aggregate_terminal_energy_wape,raw_aggregate_flexibility_width_mae_kwh,validation_weighted_mse,epochs_completed,parameter_count,runtime_seconds,seed
EV,SeasonalNaive,matched_recurring_ev,24,427,91,7,28,32;48;64;80;84;96,0.01884959826739902,88.96086120605469,1.0321054458618164,1.0,1.0,6.307369626590287e-10,2.834238052368164,2.9045238494873047,0.0699404776096344,4.392000198364258,2.703244686126709,0.354190468788147,11.373000144958496,0.011904761904761904,0.017857142857142856,0.3333333333333333,0.5,0.4,2.834238052368164,2.9045238494873047,0.0699404776096344,4.392000198364258,2.703244686126709,0.35419049859046936,nan,0,0,0.004459208000298531,20260730
EV,Ridge,matched_recurring_ev,24,427,91,7,28,32;48;64;80;84;96,0.01884959826739902,102.80025482177734,1.1926672458648682,0.005952380952380952,1.0,0.052340660244226456,11.79808235168457,13.481205940246582,0.44221460819244385,18.23139762878418,11.221294403076172,1.6831265687942505,11.373000144958496,0.011904761904761904,0.5178571428571429,0.011494252873563218,0.5,0.02247191011235955,11.257976531982422,12.727238655090332,0.36872896552085876,16.96865463256836,10.444085121154785,1.660536766052246,nan,0,0,3.892878290999761,20260730
EV,DLinear,matched_recurring_ev,24,427,91,7,28,32;48;64;80;84;96,0.01884959826739902,108.29273986816406,1.2563899755477905,0.0,1.0,0.34595638513565063,15.938607215881348,17.62876319885254,0.5469287037849426,23.723892211914062,14.601885795593262,1.7687276601791382,11.373000144958496,0.011904761904761904,0.7619047619047619,0.015625,1.0,0.03076923076923077,17.26735496520996,26.196426391601562,0.6115843653678894,23.921985626220703,14.723811149597168,14.575542449951172,2.3396351075165818,3,148,0.3542496250001932,20260730
EV,LSTM,matched_recurring_ev,24,427,91,7,28,32;48;64;80;84;96,0.01884959826739902,108.06404876708984,1.2537367343902588,0.0,1.0,0.07609076052904129,15.25886344909668,15.6563138961792,0.38851398229599,23.495195388793945,14.461124420166016,0.6952659487724304,11.373000144958496,0.011904761904761904,1.0,0.011904761904761904,1.0,0.023529411764705882,15.023764610290527,16.26692008972168,0.3898884356021881,21.457611083984375,13.207005500793457,4.083954811096191,2.1259314471074195,3,7322,0.9218455419995735,20260730
EV,TCN,matched_recurring_ev,24,427,91,7,28,32;48;64;80;84;96,0.01884959826739902,104.68247985839844,1.214504361152649,0.0,1.0,0.05853409692645073,13.224020957946777,15.36865520477295,0.5479414463043213,20.113616943359375,12.379786491394043,2.14463472366333,11.373000144958496,0.011904761904761904,0.8035714285714286,0.014814814814814815,1.0,0.029197080291970802,14.152901649475098,16.353281021118164,0.547823429107666,19.070968627929688,11.738044738769531,4.802046775817871,2.1250770000184,3,5530,2.6735429999998814,20260730
EV,iTransformer,matched_recurring_ev,24,427,91,7,28,32;48;64;80;84;96,0.01884959826739902,102.5877914428711,1.1902023553848267,0.0,1.0,0.3450297713279724,11.84623908996582,13.076332092285156,0.3338284194469452,18.018945693969727,11.090531349182129,1.3022810220718384,11.373000144958496,0.011904761904761904,0.5952380952380952,0.02,1.0,0.0392156862745098,14.80750560760498,17.96529197692871,0.4918769598007202,19.930265426635742,12.266935348510742,17.75659942626953,2.1883622463075167,3,14331,2.424861917000271,20260730
EV,FeasibleDLinear,matched_recurring_ev,24,427,91,7,28,32;48;64;80;84;96,0.01884959826739902,869.6516723632812,10.089517593383789,1.0,1.0,0.0,443.5653381347656,482.0832824707031,10.426033973693848,785.0826416015625,483.2127380371094,38.517974853515625,11.373000144958496,0.011904761904761904,1.0,0.011904761904761904,1.0,0.023529411764705882,443.5653381347656,482.0832824707031,10.426033973693848,785.0826416015625,483.2127380371094,38.517974853515625,59.23311007781472,3,148,0.3824540000005072,20260730
EV,FeasibleTCN,matched_recurring_ev,24,427,91,7,28,32;48;64;80;84;96,0.01884959826739902,91.69194030761719,1.0637907981872559,1.0,1.0,0.0,3.4253642559051514,4.416416168212891,0.5875938534736633,7.123077392578125,4.38420295715332,1.1365783214569092,11.373000144958496,0.011904761904761904,0.20833333333333334,0.02857142857142857,0.5,0.05405405405405405,3.4253642559051514,4.416416168212891,0.5875938534736633,7.123077392578125,4.38420295715332,1.1365783214569092,2.156344050062741,3,5530,2.6865038750001986,20260730
EV,FeasibleITransformer,matched_recurring_ev,24,427,91,7,28,32;48;64;80;84;96,0.01884959826739902,89.09564971923828,1.0336692333221436,1.0,1.0,0.0,2.569387197494507,2.9334564208984375,0.45340496301651,4.526785850524902,2.7862040996551514,0.48831161856651306,11.373000144958496,0.011904761904761904,0.08333333333333333,0.07142857142857142,0.5,0.125,2.569387197494507,2.9334564208984375,0.45340496301651,4.526785850524902,2.7862040996551514,0.48831161856651306,2.1886171682880473,3,14331,2.4742424170008235,20260730
ChargerMatched,SeasonalNaive,matched_recurring_ev,6,427,91,7,28,32;48;64;80;84;96,0.01884959826739902,nan,nan,1.0,1.0,2.5229478506361147e-09,2.834238052368164,2.9045238494873047,0.0699404776096344,4.392000198364258,2.703244686126709,0.354190468788147,11.373000144958496,0.047619047619047616,0.07142857142857142,0.3333333333333333,0.5,0.4,2.834238052368164,2.9045238494873047,0.0699404776096344,4.392000198364258,2.703244686126709,0.35419049859046936,nan,0,0,0.00127749999955995,20260730
ChargerMatched,Ridge,matched_recurring_ev,6,427,91,7,28,32;48;64;80;84;96,0.01884959826739902,nan,nan,0.0,1.0,0.24858564138412476,9.73094654083252,10.849984169006348,0.3385202884674072,14.620405197143555,8.998754501342773,1.2952706813812256,11.373000144958496,0.047619047619047616,0.8809523809523809,0.05405405405405406,1.0,0.10256410256410257,9.775116920471191,10.588632583618164,0.28470009565353394,14.169142723083496,8.7210054397583,1.6149873733520508,nan,0,0,0.06150570800036803,20260730
ChargerMatched,DLinear,matched_recurring_ev,6,427,91,7,28,32;48;64;80;84;96,0.01884959826739902,nan,nan,0.0,1.0,0.837043046951294,12.224135398864746,13.181201934814453,0.34583285450935364,18.36374282836914,11.302752494812012,1.0356369018554688,11.373000144958496,0.047619047619047616,0.9047619047619048,0.05263157894736842,1.0,0.1,12.677162170410156,18.18222427368164,0.38086429238319397,17.83769416809082,10.978973388671875,9.123106002807617,2.130748152662018,3,148,0.08749454200005857,20260730
ChargerMatched,LSTM,matched_recurring_ev,6,427,91,7,28,32;48;64;80;84;96,0.01884959826739902,nan,nan,0.0,1.0,0.18696936964988708,11.585968971252441,12.00147819519043,0.2741021513938904,16.782649993896484,10.32960033416748,0.7674052715301514,11.373000144958496,0.047619047619047616,1.0,0.047619047619047616,1.0,0.0909090909090909,11.433040618896484,12.778223991394043,0.27475598454475403,15.30062198638916,9.417423248291016,3.0189762115478516,1.652450443659945,3,7322,0.23795791599968652,20260730
ChargerMatched,TCN,matched_recurring_ev,6,427,91,7,28,32;48;64;80;84;96,0.01884959826739902,nan,nan,0.0,1.0,0.14595703780651093,11.017749786376953,12.510207176208496,0.3884424567222595,17.02166748046875,10.476714134216309,1.5219793319702148,11.373000144958496,0.047619047619047616,1.0,0.047619047619047616,1.0,0.0909090909090909,10.597952842712402,13.042421340942383,0.3884424567222595,14.801304817199707,9.11009693145752,3.7041945457458496,1.634431083076282,3,5530,0.6654849579999791,20260730
ChargerMatched,iTransformer,matched_recurring_ev,6,427,91,7,28,32;48;64;80;84;96,0.01884959826739902,nan,nan,0.0,1.0,1.00474214553833,8.743946075439453,9.646387100219727,0.2183922976255417,13.109003067016602,8.068497657775879,1.1134265661239624,11.373000144958496,0.047619047619047616,0.8571428571428571,0.05555555555555555,1.0,0.10526315789473684,9.151446342468262,14.109694480895996,0.3150038719177246,13.686623573303223,8.424018859863281,12.142662048339844,1.7887129712798946,3,14331,0.6173297499999535,20260730
ChargerMatched,FeasibleDLinear,matched_recurring_ev,6,427,91,7,28,32;48;64;80;84;96,0.01884959826739902,nan,nan,1.0,1.0,0.0,146.62081909179688,155.85646057128906,2.8983330726623535,249.77284240722656,153.7333984375,9.235637664794922,11.373000144958496,0.047619047619047616,1.0,0.047619047619047616,1.0,0.0909090909090909,146.62081909179688,155.85646057128906,2.8983330726623535,249.77284240722656,153.7333984375,9.235637664794922,26.350319312147207,3,148,0.09758245800003351,20260730
ChargerMatched,FeasibleTCN,matched_recurring_ev,6,427,91,7,28,32;48;64;80;84;96,0.01884959826739902,nan,nan,1.0,1.0,0.0,90.30416107177734,95.13712310791016,2.458425283432007,164.51708984375,101.25908660888672,4.832961082458496,11.373000144958496,0.047619047619047616,1.0,0.047619047619047616,1.0,0.0909090909090909,90.30416107177734,95.13712310791016,2.458425283432007,164.51708984375,101.25908660888672,4.832961082458496,8.863695621773804,3,5530,0.6820561250005994,20260730
ChargerMatched,FeasibleITransformer,matched_recurring_ev,6,427,91,7,28,32;48;64;80;84;96,0.01884959826739902,nan,nan,1.0,1.0,0.0,2.141470432281494,2.497657537460327,0.3163824677467346,3.9142704010009766,2.409205436706543,0.4474794864654541,11.373000144958496,0.047619047619047616,0.47619047619047616,0.05,0.5,0.09090909090909091,2.141470432281494,2.497657537460327,0.3163824677467346,3.9142704010009766,2.409205436706543,0.4474794864654541,1.8258723929320781,3,14331,0.6250026660000003,20260730
ChargerFull,SeasonalNaive,full_six_charger,6,427,91,7,28,32;48;64;80;84;96,1.0,38.996856689453125,0.45243343710899353,1.0,1.0,1.1984002235010394e-08,26.34749984741211,27.207475662231445,0.6733630895614624,38.996856689453125,0.45243343710899353,4.336119174957275,603.3550415039062,0.7380952380952381,0.7857142857142857,0.7575757575757576,0.8064516129032258,0.7812499999999999,26.34749984741211,27.207475662231445,0.6733630895614624,38.996856689453125,0.45243343710899353,4.336119174957275,nan,0,0,0.001291417000174988,20260730
ChargerFull,Ridge,full_six_charger,6,427,91,7,28,32;48;64;80;84;96,1.0,39.50724411010742,0.4583548605442047,0.047619047619047616,1.0,0.556293249130249,27.20821762084961,30.402544021606445,0.7040404677391052,39.50724411010742,0.4583548605442047,6.046263694763184,603.3550415039062,0.7380952380952381,0.9523809523809523,0.75,0.967741935483871,0.8450704225352113,26.676198959350586,30.654619216918945,0.6876537203788757,39.02329635620117,0.4527401924133301,7.028743743896484,nan,0,0,0.062067875000138883,20260730
ChargerFull,DLinear,full_six_charger,6,427,91,7,28,32;48;64;80;84;96,1.0,29.3602237701416,0.3406312167644501,0.0,1.0,1.7662208080291748,22.80802345275879,25.798917770385742,0.8343129754066467,29.3602237701416,0.3406312167644501,6.785414695739746,603.3550415039062,0.7380952380952381,0.9047619047619048,0.8157894736842105,1.0,0.898550724637681,27.06609535217285,30.620576858520508,0.919467031955719,34.160621643066406,0.3963244557380676,20.514083862304688,2.0017911783854165,3,148,0.08680629099944781,20260730
ChargerFull,LSTM,full_six_charger,6,427,91,7,28,32;48;64;80;84;96,1.0,32.63619613647461,0.378638356924057,0.0,1.0,0.3624435365200043,24.21392059326172,28.80484390258789,0.7936162352561951,32.63619613647461,0.378638356924057,7.514151573181152,603.3550415039062,0.7380952380952381,1.0,0.7380952380952381,1.0,0.8493150684931507,26.006319046020508,28.824649810791016,0.7938718199729919,33.83953094482422,0.3925991952419281,11.233667373657227,1.6265717012138776,3,7322,0.23844499999995605,20260730
ChargerFull,TCN,full_six_charger,6,427,91,7,28,32;48;64;80;84;96,1.0,35.30573272705078,0.4096097946166992,0.0,1.0,0.45274272561073303,25.07070541381836,28.35247230529785,0.9551125764846802,35.30573272705078,0.4096097946166992,7.7378716468811035,603.3550415039062,0.7380952380952381,1.0,0.7380952380952381,1.0,0.8493150684931507,26.444692611694336,30.140615463256836,0.9551125764846802,33.0911750793457,0.3839169442653656,11.642906188964844,1.5162233020413307,3,5530,0.6721638330000133,20260730
ChargerFull,iTransformer,full_six_charger,6,427,91,7,28,32;48;64;80;84;96,1.0,36.53298568725586,0.42384812235832214,0.0,1.0,2.2294154167175293,26.7298583984375,29.749746322631836,0.8162356019020081,36.53298568725586,0.42384812235832214,7.9315643310546875,603.3550415039062,0.7380952380952381,1.0,0.7380952380952381,1.0,0.8493150684931507,30.048513412475586,35.81524658203125,0.8542485237121582,33.40553665161133,0.387564092874527,26.984018325805664,1.6043591658616152,3,14331,0.6088779169995178,20260730
ChargerFull,FeasibleDLinear,full_six_charger,6,427,91,7,28,32;48;64;80;84;96,1.0,159.0085906982422,1.8447847366333008,1.0,1.0,0.0,90.5630111694336,91.33880615234375,2.1898128986358643,159.0085906982422,1.8447847366333008,10.26860237121582,603.3550415039062,0.7380952380952381,1.0,0.7380952380952381,1.0,0.8493150684931507,90.5630111694336,91.33880615234375,2.1898128986358643,159.0085906982422,1.8447847366333008,10.26860237121582,4.71677247843862,3,148,0.09747349999997823,20260730
ChargerFull,FeasibleTCN,full_six_charger,6,427,91,7,28,32;48;64;80;84;96,1.0,58.63286209106445,0.6802462935447693,1.0,1.0,0.0,32.24605178833008,32.37987518310547,1.7026454210281372,58.63286209106445,0.6802462935447693,7.857016563415527,603.3550415039062,0.7380952380952381,1.0,0.7380952380952381,1.0,0.8493150684931507,32.24605178833008,32.37987518310547,1.7026454210281372,58.63286209106445,0.6802462935447693,7.857016563415527,2.4087908126120072,3,5530,0.6895770840001205,20260730
ChargerFull,FeasibleITransformer,full_six_charger,6,427,91,7,28,32;48;64;80;84;96,1.0,36.21122360229492,0.4201151132583618,1.0,1.0,0.0,29.635587692260742,34.03609085083008,0.9448859095573425,36.21122360229492,0.4201151132583618,7.0696563720703125,603.3550415039062,0.7380952380952381,1.0,0.7380952380952381,1.0,0.8493150684931507,29.635587692260742,34.03609085083008,0.9448859095573425,36.21122360229492,0.4201151132583618,7.0696563720703125,1.8248759870631721,3,14331,0.6238455410002643,20260730
