day,method,case,actual_sessions,forecast_sessions,actual_energy,forecast_energy,v0g_cost,mpc_cost,cost_saving_pct,peak_kw,energy_kwh,status_ratio_optimal,energy_gap_kwh,energy_gap_pct,sanity_energy_pass,sanity_opt_pass,sanity_pass,method_show,unserved_kwh,strict_fill_lambda_dollar_per_kwh,mpc_cost_strict,energy_kwh_strict,energy_gap_kwh_strict,energy_gap_pct_strict,sanity_energy_pass_strict,cost_saving_pct_strict
2023-07-01,Perfect,EV,68,68,711.1880000000001,711.1880000000001,4248.507138640522,2259.20932116876,46.8234547467023,59.954828,711.1879992500001,0.9479166666666666,-7.500000265281415e-07,-1.054573511544263e-07,True,False,False,Perfect,7.500000265281415e-07,3.8491783862023463,2259.20932116876,711.1880000000001,0.0,0.0,True,46.8234547467023
2023-07-01,Perfect,Charger,68,68,711.1880000000001,711.1880000000001,4248.507138640522,2131.3256930468738,49.833538617311206,56.228966,671.5907244999999,0.9479166666666666,-39.59727550000025,-5.567764852612846,False,False,False,Perfect,39.59727550000025,3.8491783862023463,2283.7426700539745,711.1880000000001,0.0,0.0,True,46.24599664001627
2023-07-01,Noforecast,EV,68,0,711.1880000000001,0.0,4248.507138640522,3158.9875831776676,25.644762263751048,75.225482,711.18799995,0.9166666666666666,-5.0000153350993066e-08,-7.030511390939252e-09,True,False,False,NoForecast,5.000015335099306e-08,3.8491783862023463,3158.9875831776676,711.1880000000001,0.0,0.0,True,25.644762263751048
2023-07-01,Noforecast,Charger,68,0,711.1880000000001,0.0,4248.507138640522,2613.131636214555,38.492944675839006,68.428,641.3629996999999,0.9166666666666666,-69.82500030000017,-9.8180790873862,False,False,False,NoForecast,69.82500030000017,3.8491783862023463,2881.900518185888,711.1880000000001,0.0,0.0,True,32.16674883337806
2023-07-01,Persistence,EV,68,77,711.1880000000001,770.163,4248.507138640522,3181.4432805064966,25.116207253813737,85.150793,711.18800025,0.9479166666666666,2.499998572602635e-07,3.5152429070831274e-08,True,False,False,Persistence,0.0,3.8491783862023463,3181.4432805064966,711.1880000000001,0.0,0.0,True,25.116207253813734
2023-07-01,Persistence,Charger,68,77,711.1880000000001,770.163,4248.507138640522,2829.6403369885893,33.39683223660429,78.171178,697.8421304999999,0.9479166666666666,-13.345869500000164,-1.8765599953880212,True,False,False,Persistence,13.345869500000163,3.8491783862023463,2881.010969413067,711.1880000000001,0.0,0.0,True,32.18768674742157
2023-07-01,Statistic,EV,68,25,711.1880000000001,180.691,4248.507138640522,3080.4265410434427,27.49390690610567,72.1625,711.18799975,0.9479166666666666,-2.5000008463393897e-07,-3.5152461041797517e-08,True,False,False,Statistic,2.5000008463393897e-07,3.8491783862023463,3080.4265410434427,711.1880000000001,0.0,0.0,True,27.49390690610567
2023-07-01,Statistic,Charger,68,25,711.1880000000001,180.691,4248.507138640522,2687.5150315444275,36.74213214563635,62.328874,631.16217225,0.9479166666666666,-80.02582775000008,-11.252415359932966,False,False,False,Statistic,80.02582775000008,3.8491783862023463,2995.5487180576797,711.1880000000001,0.0,0.0,True,29.49173391253323
2023-07-01,GMM,EV,68,50,711.1880000000001,526.752548439324,4248.507138640522,2960.9713211288854,30.305605604410836,84.185523,711.1879995,0.9479166666666666,-5.000000555810402e-07,-7.030490609811194e-08,True,False,False,GMM,5.000000555810402e-07,3.8491783862023463,2960.9713211288854,711.1880000000001,0.0,0.0,True,30.305605604410836
2023-07-01,GMM,Charger,68,50,711.1880000000001,526.752548439324,4248.507138640522,2461.247505309772,42.06794469227735,67.881873,652.8624405,0.9479166666666666,-58.325559500000054,-8.201145055878339,False,False,False,GMM,58.325559500000054,3.8491783862023463,2685.752988300331,711.1880000000001,0.0,0.0,True,36.783606555037025
2023-07-01,LSTM,EV,68,76,711.1880000000001,729.33706827562,4248.507138640522,3014.0113475084245,29.057166455112117,80.094675,711.187999925,0.9479166666666666,-7.500011633965188e-08,-1.0545751100925756e-08,True,False,False,LSTM,7.500011633965187e-08,3.8491783862023463,3014.0113475084245,711.1880000000001,0.0,0.0,True,29.057166455112117
2023-07-01,LSTM,Charger,68,76,711.1880000000001,729.33706827562,4248.507138640522,2758.417045804394,35.073263247780275,72.262764,660.97744775,0.9479166666666666,-50.21055225000009,-7.060095537326289,False,False,False,LSTM,50.21055225000009,3.8491783862023463,2951.686418284378,711.1880000000001,0.0,0.0,True,30.524150673102383
2023-07-01,TCN,EV,68,67,711.1880000000001,585.6889132806114,4248.507138640522,2652.8961380797514,37.556980569681926,65.855336,711.18800025,0.9479166666666666,2.499998572602635e-07,3.5152429070831274e-08,True,False,False,TCN,0.0,3.8491783862023463,2652.8961380797514,711.1880000000001,0.0,0.0,True,37.556980569681926
2023-07-01,TCN,Charger,68,67,711.1880000000001,585.6889132806114,4248.507138640522,2392.002569890574,43.697809799232445,58.710571,680.3130147500001,0.9479166666666666,-30.87498525000001,-4.341325394972919,True,False,False,TCN,30.87498525000001,3.8491783862023463,2510.84589578919,711.1880000000001,0.0,0.0,True,40.90051366625138
2023-07-01,Transformer,EV,68,66,711.1880000000001,613.6562949646027,4248.507138640522,2470.187017160353,41.8575293261532,66.686875,711.1879999999999,0.9479166666666666,-2.273736754432321e-13,-3.197096624847889e-14,True,False,False,Transformer,2.2737367544323206e-13,3.8491783862023463,2470.187017160353,711.1880000000001,0.0,0.0,True,41.8575293261532
2023-07-01,Transformer,Charger,68,66,711.1880000000001,613.6562949646027,4248.507138640522,2538.929238738092,40.239496936551625,70.45556,689.17949725,0.9479166666666666,-22.008502750000048,-3.094611094394175,True,False,False,Transformer,22.008502750000048,3.8491783862023463,2623.6438918360673,711.1880000000001,0.0,0.0,True,38.24551057067057
2023-07-01,iTransformer,EV,68,74,711.1880000000001,666.3606460551084,4248.507138640522,2412.993327539281,43.20373607018549,63.760635,711.1879996,0.9479166666666666,-4.000000899395673e-07,-5.6243931272682774e-08,True,False,False,iTransformer,4.0000008993956726e-07,3.8491783862023463,2412.993327539281,711.1880000000001,0.0,0.0,True,43.20373607018549
2023-07-01,iTransformer,Charger,68,74,711.1880000000001,666.3606460551084,4248.507138640522,2337.5831738424545,44.97871610990262,63.056594,682.2426432499999,0.9479166666666666,-28.9453567500002,-4.07000072414048,True,False,False,iTransformer,28.9453567500002,3.8491783862023463,2448.9990154254715,711.1880000000001,0.0,0.0,True,42.356245723312455
2023-07-01,iT-CP90,EV,68,44,711.1880000000001,353.18522364302896,4248.507138640522,2624.933466707933,38.21515697045799,67.791613,711.1879999999999,0.9479166666666666,-2.273736754432321e-13,-3.197096624847889e-14,True,False,False,iT-CP90,2.2737367544323206e-13,3.8491783862023463,2624.933466707933,711.1880000000001,0.0,0.0,True,38.21515697045799
2023-07-01,iT-CP90,Charger,68,44,711.1880000000001,353.18522364302896,4248.507138640522,2133.621169008523,49.779508439492474,52.877565,630.9977134999999,0.9479166666666666,-80.19028650000018,-11.27553987131394,False,False,False,iT-CP90,80.19028650000018,3.8491783862023463,2442.2878865876974,711.1880000000001,0.0,0.0,True,42.51421012395417
2023-07-01,iT-CP95,EV,68,46,711.1880000000001,346.97228159252285,4248.507138640522,2659.928341358365,37.39145882170944,71.023739,711.1879999999999,0.9479166666666666,-2.273736754432321e-13,-3.197096624847889e-14,True,False,False,iT-CP95,2.2737367544323206e-13,3.8491783862023463,2659.928341358365,711.1880000000001,0.0,0.0,True,37.39145882170944
2023-07-01,iT-CP95,Charger,68,46,711.1880000000001,346.97228159252285,4248.507138640522,2458.0605086733376,42.14295919813632,64.626269,641.89210725,0.9479166666666666,-69.29589275000012,-9.743681382419291,False,False,False,iT-CP95,69.29589275000012,3.8491783862023463,2724.792761299234,711.1880000000001,0.0,0.0,True,35.864700884764446
2023-07-01,TFT-Quantile,EV,68,48,711.1880000000001,425.5352198401076,4248.507138640522,2517.3504862642485,40.747410699425714,65.556485,711.18800075,0.9479166666666666,7.499999128413037e-07,1.0545733516894318e-07,True,False,False,TFT,0.0,3.8491783862023463,2517.3504862642485,711.1880000000001,0.0,0.0,True,40.747410699425714
2023-07-01,TFT-Quantile,Charger,68,48,711.1880000000001,425.5352198401076,4248.507138640522,2243.1205596519653,47.20214686117391,59.019627,647.77339375,0.9479166666666666,-63.41460625000013,-8.916714884109425,False,False,False,TFT,63.41460625000013,3.8491783862023463,2487.214691398998,711.1880000000001,0.0,0.0,True,41.45673738481981
2023-07-01,DeepAR-Gaussian,EV,68,39,711.1880000000001,338.9657783622106,4248.507138640522,2704.7180510771955,36.33721298294258,56.668962,711.1879999999999,0.9479166666666666,-2.273736754432321e-13,-3.197096624847889e-14,True,False,False,DeepAR,2.2737367544323206e-13,3.8491783862023463,2704.7180510771955,711.1880000000001,0.0,0.0,True,36.33721298294258
2023-07-01,DeepAR-Gaussian,Charger,68,39,711.1880000000001,338.9657783622106,4248.507138640522,2333.7415280756577,45.06913953727212,50.19171,647.0965442500001,0.9479166666666666,-64.09145575000002,-9.011886554610037,False,False,False,DeepAR,64.09145575000002,3.8491783862023463,2580.440974288802,711.1880000000001,0.0,0.0,True,39.26240700363948
2023-07-01,ITCN-ChargerAware,EV,68,44,711.1880000000001,383.50722989450185,4248.507138640522,2626.796465564759,38.1713063001865,61.131916,711.1879993499999,0.9479166666666666,-6.500001745735062e-07,-9.139639231448029e-08,True,False,False,ITCN-ChargerAware,6.500001745735062e-07,3.8491783862023463,2626.796465564759,711.1880000000001,0.0,0.0,True,38.1713063001865
2023-07-01,ITCN-ChargerAware,Charger,68,44,711.1880000000001,383.50722989450185,4248.507138640522,2340.3958016478896,44.912513377656886,58.332714,659.2621932500001,0.9479166666666666,-51.92580674999999,-7.301277123629755,False,False,False,ITCN-ChargerAware,51.92580674999999,3.8491783862023463,2540.2674946761094,711.1880000000001,0.0,0.0,True,40.20799749699918
