task,model,seeds,scope_energy_coverage,raw_valid_signature_rate,terminal_mae_mean,terminal_mae_sd,lower_mae_mean,lower_mae_sd,upper_mae_mean,upper_mae_sd,width_mae_mean,width_mae_sd
ChargerFull,FeasibleITransformer,3,1.0,1.0,33.42678006490072,4.837955077223694,24.569441477457683,4.060223741854189,26.19171078999837,3.127468668900384,5.42965030670166,0.42692155092991146
ChargerFull,SeasonalNaive,1,1.0,1.0,36.67548751831055,0.0,25.501800537109375,0.0,27.562664031982425,0.0,5.438347339630127,0.0
ChargerFull,iTransformer,1,1.0,0.0,34.70517349243164,0.0,24.31633758544922,0.0,25.970441818237305,0.0,5.996870517730713,0.0
ChargerMatched,FeasibleITransformer,3,0.2975478049618916,1.0,21.177570343017578,2.540841017792197,14.432295163472494,0.9789671177696032,15.31218687693278,0.9794521912166546,2.8547444343566895,0.5351308954767597
ChargerMatched,SeasonalNaive,1,0.2975478049618916,1.0,23.144285202026367,0.0,16.297040939331055,0.0,17.45354461669922,0.0,2.31253981590271,0.0
ChargerMatched,iTransformer,1,0.2975478049618916,0.0,22.633031845092773,0.0,16.26605224609375,0.0,17.173233032226562,0.0,2.4409055709838867,0.0
EV,FeasibleITransformer,3,0.2975478049618916,1.0,68.73580551147461,6.865712120400321,36.73486582438151,4.313515645085375,42.61978403727213,3.7394177287127333,7.274308522542317,0.9407087858498177
EV,SeasonalNaive,1,0.2975478049618916,1.0,23.144285202026367,0.0,16.297040939331055,0.0,17.45354461669922,0.0,2.31253981590271,0.0
EV,iTransformer,1,0.2975478049618916,0.0,76.31723022460938,0.0,45.26206588745117,0.0,50.641357421875,0.0,6.033313751220703,0.0
