month,method,continuous_cost,saving_vs_v0g,saving_pct_vs_v0g,regret_vs_perfect,regret_pct_vs_perfect,standalone_daily_proxy_sum,daily_proxy_overstatement,energy_kwh,required_energy_kwh,unserved_energy_kwh,final_peak_kw,final_onpeak_peak_kw,optimal_solve_ratio,solve_count,fallback_count,runtime_seconds,test_day_count,charger_count,charger_ids
2023-07,V0G,1791.6598260209282,0.0,0.0,537.7926573029761,42.89072006350207,24326.01486102893,22534.355035008,2671.215,2671.215,0.0,33.0,19.799999999999997,1.0,0,0,0.001144665526226163,31,6,UCSD / GILMAN 2-2|2;UCSD / SCHOLARS - 07|2;UCSD / RADY P357 5|2;UCSD / BIRCH AQUARIUM|1;UCSD / SCHOLARS - 01|1;UCSD / SCHOLARS - 08|2
2023-07,Perfect,1253.8671687179522,537.7926573029761,30.016448964943983,0.0,0.0,20495.1103273001,19241.243158582147,2671.215,2671.215,4.263256414560601e-14,18.658420492576944,14.3670454320795,1.0,2376,0,21.720132124843076,31,6,UCSD / GILMAN 2-2|2;UCSD / SCHOLARS - 07|2;UCSD / RADY P357 5|2;UCSD / BIRCH AQUARIUM|1;UCSD / SCHOLARS - 01|1;UCSD / SCHOLARS - 08|2
2023-07,NoForecast,1358.1490224522515,433.5108035686767,24.196044208428486,104.28185373429937,8.316818267195316,21272.70580835122,19914.55678589897,2671.215,2671.215,0.0,18.84695067100677,17.62135389515747,1.0,1164,0,6.211115420097485,31,6,UCSD / GILMAN 2-2|2;UCSD / SCHOLARS - 07|2;UCSD / RADY P357 5|2;UCSD / BIRCH AQUARIUM|1;UCSD / SCHOLARS - 01|1;UCSD / SCHOLARS - 08|2
2023-07,Persistence,1385.1060703810901,406.5537556398381,22.69145904458591,131.238901663138,10.466730841778597,21634.588113552825,20249.482043171734,2671.215,2671.215,1.4210854715202004e-14,19.886432588210504,17.621349871459305,1.0,2411,0,21.61895195976831,31,6,UCSD / GILMAN 2-2|2;UCSD / SCHOLARS - 07|2;UCSD / RADY P357 5|2;UCSD / BIRCH AQUARIUM|1;UCSD / SCHOLARS - 01|1;UCSD / SCHOLARS - 08|2
2023-07,HistoricalMedian,1366.2352509272348,425.4245750936934,23.744718105250637,112.36808220928265,8.96172138586069,21412.106818670472,20045.871567743237,2671.215,2671.215,1.4210854715202004e-14,19.10495227644136,17.667027171361354,1.0,2330,0,25.014157369267195,31,6,UCSD / GILMAN 2-2|2;UCSD / SCHOLARS - 07|2;UCSD / RADY P357 5|2;UCSD / BIRCH AQUARIUM|1;UCSD / SCHOLARS - 01|1;UCSD / SCHOLARS - 08|2
2023-07,ConformalRobust,1315.9135231800565,475.74630284087175,26.553383400768098,62.04635446210432,4.948399320922101,21246.088461364867,19930.17493818481,2671.215,2671.215,1.4210854715202004e-14,19.10494839517292,16.017032303431147,1.0,2648,0,28.147486167028546,31,6,UCSD / GILMAN 2-2|2;UCSD / SCHOLARS - 07|2;UCSD / RADY P357 5|2;UCSD / BIRCH AQUARIUM|1;UCSD / SCHOLARS - 01|1;UCSD / SCHOLARS - 08|2
2023-08,V0G,2048.8221777269673,0.0,0.0,584.3881481110648,39.905392547067514,27610.08392934297,25561.261751616003,3173.681,3173.681,0.0,33.0,26.163999999999994,1.0,0,0,0.0011405430268496275,31,6,UCSD / GILMAN 2-2|2;UCSD / SCHOLARS - 07|2;UCSD / RADY P357 5|2;UCSD / BIRCH AQUARIUM|1;UCSD / SCHOLARS - 01|1;UCSD / SCHOLARS - 08|2
2023-08,Perfect,1464.4340296159025,584.3881481110648,28.5231268220361,0.0,0.0,21728.58730375764,20264.153274141736,3173.681,3173.681,5.684341886080802e-14,21.572374274968453,16.753631489110127,1.0,2386,0,25.86463746498339,31,6,UCSD / GILMAN 2-2|2;UCSD / SCHOLARS - 07|2;UCSD / RADY P357 5|2;UCSD / BIRCH AQUARIUM|1;UCSD / SCHOLARS - 01|1;UCSD / SCHOLARS - 08|2
2023-08,NoForecast,1592.8406605037326,455.98151722323473,22.255787846318416,128.40663088783003,8.768345196233184,22793.24296945597,21200.402308952238,3173.681,3173.681,2.842170943040401e-14,25.955766465428535,17.24934674542694,1.0,1362,0,7.2617412090767175,31,6,UCSD / GILMAN 2-2|2;UCSD / SCHOLARS - 07|2;UCSD / RADY P357 5|2;UCSD / BIRCH AQUARIUM|1;UCSD / SCHOLARS - 01|1;UCSD / SCHOLARS - 08|2
2023-08,Persistence,1575.3951855854173,473.42699214155004,23.107275843079073,110.96115596951472,7.577067571874033,22729.80689350248,21154.41170791706,3173.681,3173.681,1.2789769243681803e-13,23.622611018718466,18.6498217310655,1.0,2414,0,24.795456374064088,31,6,UCSD / GILMAN 2-2|2;UCSD / SCHOLARS - 07|2;UCSD / RADY P357 5|2;UCSD / BIRCH AQUARIUM|1;UCSD / SCHOLARS - 01|1;UCSD / SCHOLARS - 08|2
2023-08,HistoricalMedian,1530.2494721307608,518.5727055962066,25.31077178066906,65.8154425148582,4.49425793063007,22425.475173742598,20895.225701611835,3173.681,3173.681,2.842170943040401e-14,22.68557579640595,17.968491993413288,1.0,2409,0,25.62037170631811,31,6,UCSD / GILMAN 2-2|2;UCSD / SCHOLARS - 07|2;UCSD / RADY P357 5|2;UCSD / BIRCH AQUARIUM|1;UCSD / SCHOLARS - 01|1;UCSD / SCHOLARS - 08|2
2023-08,ConformalRobust,1480.381993851294,568.4401838756733,27.744730121299256,15.94796423539151,1.0890189597393065,23691.4197012705,22211.037707419207,3173.681,3173.681,2.842170943040401e-14,21.609378378250838,17.249345528676525,1.0,2676,0,28.362101085134782,31,6,UCSD / GILMAN 2-2|2;UCSD / SCHOLARS - 07|2;UCSD / RADY P357 5|2;UCSD / BIRCH AQUARIUM|1;UCSD / SCHOLARS - 01|1;UCSD / SCHOLARS - 08|2
2023-09,V0G,1980.6730486359047,0.0,0.0,698.1836289698253,54.43971843070727,26376.192657051906,24395.519608416,3035.639,3035.639,0.0,30.739999999999995,26.4,1.0,0,0,0.0011232950491830707,30,6,UCSD / GILMAN 2-2|2;UCSD / SCHOLARS - 07|2;UCSD / RADY P357 5|2;UCSD / BIRCH AQUARIUM|1;UCSD / SCHOLARS - 01|1;UCSD / SCHOLARS - 08|2
2023-09,Perfect,1282.4894196660794,698.1836289698253,35.249817199798144,0.0,0.0,21534.03119737195,20251.54177770587,3035.639,3035.639,0.0,17.82287314249913,14.548023705307408,1.0,2502,0,24.939101374242455,30,6,UCSD / GILMAN 2-2|2;UCSD / SCHOLARS - 07|2;UCSD / RADY P357 5|2;UCSD / BIRCH AQUARIUM|1;UCSD / SCHOLARS - 01|1;UCSD / SCHOLARS - 08|2
2023-09,NoForecast,1292.8925078389584,687.7805407969463,34.72458724425128,10.403088172879052,0.8111636644603036,22255.97702966981,20963.084521830853,3035.639,3035.639,0.0,18.21819364419686,14.548032977077831,1.0,1317,0,7.069468583678827,30,6,UCSD / GILMAN 2-2|2;UCSD / SCHOLARS - 07|2;UCSD / RADY P357 5|2;UCSD / BIRCH AQUARIUM|1;UCSD / SCHOLARS - 01|1;UCSD / SCHOLARS - 08|2
2023-09,Persistence,1357.0813765795297,623.591672056375,31.483826797453744,74.5919569134503,5.816184973508144,22822.106320400613,21465.024943821085,3035.639,3035.639,4.263256414560601e-14,18.516786872691505,16.393772907260015,1.0,2482,0,24.30814933392685,30,6,UCSD / GILMAN 2-2|2;UCSD / SCHOLARS - 07|2;UCSD / RADY P357 5|2;UCSD / BIRCH AQUARIUM|1;UCSD / SCHOLARS - 01|1;UCSD / SCHOLARS - 08|2
2023-09,HistoricalMedian,1343.5481492373049,637.1248993985998,32.16709087031752,61.05872957122551,4.760953863239147,22567.289903569745,21223.74175433244,3035.639,3035.639,0.0,19.552860353914603,15.08135057471565,1.0,2422,0,26.12527162511833,30,6,UCSD / GILMAN 2-2|2;UCSD / SCHOLARS - 07|2;UCSD / RADY P357 5|2;UCSD / BIRCH AQUARIUM|1;UCSD / SCHOLARS - 01|1;UCSD / SCHOLARS - 08|2
2023-09,ConformalRobust,1381.605414973974,599.0676336619308,30.245659881852305,99.11599530789454,7.728406471665184,23618.71930262797,22237.113887653995,3035.639,3035.639,0.0,19.80018213669125,16.11602640375165,1.0,2668,0,28.823904664022848,30,6,UCSD / GILMAN 2-2|2;UCSD / SCHOLARS - 07|2;UCSD / RADY P357 5|2;UCSD / BIRCH AQUARIUM|1;UCSD / SCHOLARS - 01|1;UCSD / SCHOLARS - 08|2
