target_day,method,actual_session_count,forecast_session_count,matched_session_count,count_mae_per_charger,arrival_mae_slots,departure_mae_slots,energy_mae_kwh,arrival_upper_coverage,departure_lower_coverage,energy_upper_coverage
2023-07-01,Persistence,7.0,7.0,4.0,1.0,4.5,9.25,3.00075,,,
2023-07-01,HistoricalMedian,7.0,10.0,5.0,1.1666666666666667,4.6,9.8,2.8340000000000005,1.0,1.0,1.0
2023-07-01,ConformalRobust,7.0,10.0,5.0,1.1666666666666667,14.4,17.0,4.616,,,
2023-07-02,Persistence,8.0,10.0,6.0,1.0,6.5,8.833333333333334,4.006,,,
2023-07-02,HistoricalMedian,8.0,11.0,6.0,1.1666666666666667,9.0,10.0,4.7455,0.8333333333333334,0.8333333333333334,1.0
2023-07-02,ConformalRobust,8.0,11.0,6.0,1.1666666666666667,18.333333333333332,15.5,9.525833333333333,,,
2023-07-03,Persistence,12.0,9.0,7.0,1.1666666666666667,4.857142857142857,7.714285714285714,5.835,,,
2023-07-03,HistoricalMedian,12.0,11.0,9.0,0.8333333333333334,8.88888888888889,9.11111111111111,7.008,1.0,0.7777777777777778,0.8888888888888888
2023-07-03,ConformalRobust,12.0,11.0,9.0,0.8333333333333334,23.88888888888889,15.11111111111111,10.46888888888889,,,
2023-07-04,Persistence,3.0,10.0,2.0,1.5,29.0,19.5,11.9145,,,
2023-07-04,HistoricalMedian,3.0,11.0,3.0,1.3333333333333333,19.333333333333332,9.666666666666666,8.700666666666667,0.6666666666666666,1.0,1.0
2023-07-04,ConformalRobust,3.0,11.0,3.0,1.3333333333333333,21.0,19.0,3.829333333333333,,,
2023-07-05,Persistence,7.0,5.0,4.0,0.6666666666666666,0.75,8.75,3.3070000000000004,,,
2023-07-05,HistoricalMedian,7.0,12.0,7.0,0.8333333333333334,6.142857142857143,7.0,3.9972142857142856,1.0,1.0,0.8571428571428571
2023-07-05,ConformalRobust,7.0,12.0,7.0,0.8333333333333334,18.285714285714285,8.0,14.429,,,
2023-07-06,Persistence,12.0,6.0,5.0,1.3333333333333333,7.6,11.0,12.6976,,,
2023-07-06,HistoricalMedian,12.0,13.0,9.0,1.1666666666666667,8.333333333333334,9.444444444444445,5.0104999999999995,0.7777777777777778,1.0,1.0
2023-07-06,ConformalRobust,12.0,13.0,9.0,1.1666666666666667,16.0,11.666666666666666,7.523333333333334,,,
2023-07-07,Persistence,9.0,13.0,7.0,1.3333333333333333,6.285714285714286,13.571428571428571,10.051714285714285,,,
2023-07-07,HistoricalMedian,9.0,13.0,8.0,1.0,4.25,8.25,4.9203125,1.0,1.0,1.0
2023-07-07,ConformalRobust,9.0,13.0,8.0,1.0,13.75,9.875,9.486875,,,
2023-07-08,Persistence,7.0,7.0,4.0,1.0,8.0,7.75,0.4232499999999999,,,
2023-07-08,HistoricalMedian,7.0,9.0,5.0,1.0,13.6,9.4,4.0501000000000005,1.0,1.0,1.0
2023-07-08,ConformalRobust,7.0,9.0,5.0,1.0,25.4,18.8,7.301400000000001,,,
2023-07-09,Persistence,4.0,8.0,4.0,0.6666666666666666,4.75,7.0,2.1375,,,
2023-07-09,HistoricalMedian,4.0,10.0,3.0,1.3333333333333333,2.6666666666666665,5.0,1.5376666666666667,1.0,1.0,1.0
2023-07-09,ConformalRobust,4.0,10.0,3.0,1.3333333333333333,19.666666666666668,15.333333333333334,3.345,,,
2023-07-10,Persistence,5.0,12.0,4.0,1.5,9.75,12.0,9.282,,,
2023-07-10,HistoricalMedian,5.0,12.0,5.0,1.1666666666666667,12.6,12.6,6.2585,0.8,1.0,1.0
2023-07-10,ConformalRobust,5.0,12.0,5.0,1.1666666666666667,14.0,9.6,13.021200000000002,,,
2023-07-11,Persistence,9.0,3.0,3.0,1.0,19.0,4.0,10.446666666666667,,,
2023-07-11,HistoricalMedian,9.0,8.0,7.0,0.5,5.571428571428571,5.142857142857143,9.335857142857142,1.0,1.0,0.7142857142857143
2023-07-11,ConformalRobust,9.0,8.0,7.0,0.5,17.142857142857142,10.571428571428571,17.420714285714286,,,
2023-07-12,Persistence,6.0,7.0,5.0,0.5,6.0,11.6,2.6154,,,
2023-07-12,HistoricalMedian,6.0,10.0,6.0,0.6666666666666666,9.333333333333334,12.166666666666666,4.3005,1.0,1.0,1.0
2023-07-12,ConformalRobust,6.0,10.0,6.0,0.6666666666666666,8.0,12.333333333333334,12.561833333333334,,,
2023-07-13,Persistence,16.0,12.0,10.0,1.3333333333333333,12.3,12.8,9.4884,,,
2023-07-13,HistoricalMedian,16.0,12.0,10.0,1.3333333333333333,14.5,13.8,6.12245,0.8,0.8,0.9
2023-07-13,ConformalRobust,16.0,12.0,10.0,1.3333333333333333,23.1,17.9,9.1211,,,
2023-07-14,Persistence,8.0,9.0,6.0,0.8333333333333334,8.5,4.833333333333333,7.2043333333333335,,,
2023-07-14,HistoricalMedian,8.0,11.0,7.0,0.8333333333333334,6.428571428571429,6.428571428571429,7.706142857142857,0.8571428571428571,1.0,0.8571428571428571
2023-07-14,ConformalRobust,8.0,11.0,7.0,0.8333333333333334,13.428571428571429,7.857142857142857,11.597285714285714,,,
2023-07-15,Persistence,3.0,7.0,3.0,0.6666666666666666,13.0,14.0,1.0836666666666668,,,
2023-07-15,HistoricalMedian,3.0,8.0,3.0,0.8333333333333334,9.0,10.333333333333334,0.741,1.0,1.0,1.0
2023-07-15,ConformalRobust,3.0,8.0,3.0,0.8333333333333334,8.0,2.6666666666666665,3.656333333333333,,,
2023-07-16,Persistence,3.0,4.0,2.0,0.5,21.5,29.0,14.7315,,,
2023-07-16,HistoricalMedian,3.0,10.0,3.0,1.1666666666666667,18.0,25.666666666666668,17.134,0.6666666666666666,1.0,0.3333333333333333
2023-07-16,ConformalRobust,3.0,10.0,3.0,1.1666666666666667,3.6666666666666665,16.333333333333332,21.323000000000004,,,
2023-07-17,Persistence,11.0,5.0,3.0,1.6666666666666667,19.0,17.333333333333332,14.424666666666667,,,
2023-07-17,HistoricalMedian,11.0,10.0,7.0,1.1666666666666667,8.857142857142858,8.857142857142858,6.192214285714286,1.0,0.8571428571428571,1.0
2023-07-17,ConformalRobust,11.0,10.0,7.0,1.1666666666666667,20.142857142857142,9.428571428571429,10.202,,,
2023-07-18,Persistence,10.0,9.0,8.0,0.5,11.25,7.125,11.69375,,,
2023-07-18,HistoricalMedian,10.0,8.0,6.0,1.0,12.666666666666666,9.833333333333334,11.0105,0.8333333333333334,1.0,0.8333333333333334
2023-07-18,ConformalRobust,10.0,8.0,6.0,1.0,24.0,12.333333333333334,16.2135,,,
2023-07-19,Persistence,9.0,6.0,4.0,1.1666666666666667,12.75,18.5,10.790000000000001,,,
2023-07-19,HistoricalMedian,9.0,8.0,5.0,1.1666666666666667,11.2,11.8,8.767,1.0,1.0,1.0
2023-07-19,ConformalRobust,9.0,8.0,5.0,1.1666666666666667,26.6,13.4,11.507200000000001,,,
2023-07-20,Persistence,10.0,16.0,9.0,1.3333333333333333,7.777777777777778,9.88888888888889,11.655777777777779,,,
2023-07-20,HistoricalMedian,10.0,10.0,7.0,1.0,9.857142857142858,14.0,7.1500714285714295,1.0,0.8571428571428571,0.8571428571428571
2023-07-20,ConformalRobust,10.0,10.0,7.0,1.0,26.857142857142858,18.428571428571427,10.735714285714286,,,
2023-07-21,Persistence,10.0,8.0,5.0,1.3333333333333333,8.6,9.0,8.2632,,,
2023-07-21,HistoricalMedian,10.0,11.0,7.0,1.1666666666666667,8.571428571428571,9.714285714285714,5.639785714285714,1.0,0.8571428571428571,1.0
2023-07-21,ConformalRobust,10.0,11.0,7.0,1.1666666666666667,20.142857142857142,15.142857142857142,5.700857142857143,,,
2023-07-22,Persistence,6.0,3.0,3.0,0.5,12.0,13.0,1.6936666666666664,,,
2023-07-22,HistoricalMedian,6.0,7.0,6.0,0.16666666666666666,8.333333333333334,8.166666666666666,3.125166666666667,1.0,1.0,1.0
2023-07-22,ConformalRobust,6.0,7.0,6.0,0.16666666666666666,25.333333333333332,15.5,6.542000000000001,,,
2023-07-23,Persistence,4.0,3.0,2.0,0.5,11.5,16.0,10.306000000000001,,,
2023-07-23,HistoricalMedian,4.0,6.0,3.0,0.6666666666666666,11.0,13.0,4.482666666666667,1.0,1.0,1.0
2023-07-23,ConformalRobust,4.0,6.0,3.0,0.6666666666666666,6.0,7.333333333333333,7.891666666666666,,,
2023-07-24,Persistence,11.0,11.0,9.0,0.6666666666666666,6.888888888888889,9.11111111111111,6.100666666666666,,,
2023-07-24,HistoricalMedian,11.0,11.0,8.0,1.0,2.875,6.5,8.0790625,1.0,1.0,0.75
2023-07-24,ConformalRobust,11.0,11.0,8.0,1.0,15.875,6.375,12.194500000000001,,,
2023-07-25,Persistence,8.0,10.0,8.0,0.3333333333333333,7.5,7.375,8.344624999999999,,,
2023-07-25,HistoricalMedian,8.0,9.0,6.0,0.8333333333333334,5.166666666666667,7.833333333333333,4.4165833333333335,1.0,0.8333333333333334,1.0
2023-07-25,ConformalRobust,8.0,9.0,6.0,0.8333333333333334,18.833333333333332,12.333333333333334,7.574333333333333,,,
2023-07-26,Persistence,10.0,9.0,6.0,1.1666666666666667,11.333333333333334,13.166666666666666,11.429333333333334,,,
2023-07-26,HistoricalMedian,10.0,7.0,6.0,0.8333333333333334,14.666666666666666,7.5,14.000083333333334,0.6666666666666666,1.0,0.8333333333333334
2023-07-26,ConformalRobust,10.0,7.0,6.0,0.8333333333333334,15.0,8.833333333333334,7.889833333333333,,,
2023-07-27,Persistence,7.0,10.0,6.0,0.8333333333333334,13.666666666666666,16.666666666666668,6.232666666666667,,,
2023-07-27,HistoricalMedian,7.0,11.0,7.0,0.6666666666666666,16.714285714285715,14.714285714285714,6.577571428571429,0.5714285714285714,1.0,1.0
2023-07-27,ConformalRobust,7.0,11.0,7.0,0.6666666666666666,12.571428571428571,12.714285714285714,8.784428571428572,,,
2023-07-28,Persistence,5.0,10.0,4.0,1.1666666666666667,11.25,24.0,10.239749999999999,,,
2023-07-28,HistoricalMedian,5.0,12.0,5.0,1.1666666666666667,5.6,16.2,6.131600000000001,1.0,0.8,1.0
2023-07-28,ConformalRobust,5.0,12.0,5.0,1.1666666666666667,17.8,12.4,10.417,,,
2023-07-29,Persistence,8.0,6.0,4.0,1.0,5.5,8.0,7.1579999999999995,,,
2023-07-29,HistoricalMedian,8.0,6.0,4.0,1.0,4.5,11.0,6.303125,1.0,1.0,1.0
2023-07-29,ConformalRobust,8.0,6.0,4.0,1.0,14.0,7.0,5.53675,,,
2023-07-30,Persistence,9.0,4.0,4.0,0.8333333333333334,9.75,14.25,3.6685,,,
2023-07-30,HistoricalMedian,9.0,4.0,3.0,1.1666666666666667,2.3333333333333335,7.0,2.4376666666666673,1.0,1.0,1.0
2023-07-30,ConformalRobust,9.0,4.0,3.0,1.1666666666666667,17.333333333333332,9.333333333333334,4.806666666666667,,,
2023-07-31,Persistence,12.0,11.0,9.0,0.8333333333333334,8.555555555555555,6.888888888888889,9.200222222222223,,,
2023-07-31,HistoricalMedian,12.0,12.0,11.0,0.3333333333333333,4.7272727272727275,6.0,7.308136363636364,1.0,1.0,0.9090909090909091
2023-07-31,ConformalRobust,12.0,12.0,11.0,0.3333333333333333,16.272727272727273,9.818181818181818,9.194181818181818,,,
2023-08-01,Persistence,12.0,8.0,7.0,1.0,8.142857142857142,9.714285714285714,3.151,,,
2023-08-01,HistoricalMedian,12.0,11.0,10.0,0.5,9.2,8.9,5.136850000000001,1.0,0.9,1.0
2023-08-01,ConformalRobust,12.0,11.0,10.0,0.5,22.4,14.0,7.543200000000001,,,
2023-08-02,Persistence,11.0,10.0,8.0,0.8333333333333334,11.5,11.125,6.846125000000001,,,
2023-08-02,HistoricalMedian,11.0,10.0,9.0,0.5,13.333333333333334,10.11111111111111,7.287833333333334,0.6666666666666666,1.0,1.0
2023-08-02,ConformalRobust,11.0,10.0,9.0,0.5,13.666666666666666,12.555555555555555,5.690555555555556,,,
2023-08-03,Persistence,11.0,7.0,6.0,1.0,13.166666666666666,10.5,9.552,,,
2023-08-03,HistoricalMedian,11.0,11.0,8.0,1.0,10.625,15.625,9.81575,0.875,0.875,0.75
2023-08-03,ConformalRobust,11.0,11.0,8.0,1.0,18.125,12.375,13.181125,,,
2023-08-04,Persistence,9.0,5.0,5.0,0.6666666666666666,5.8,18.8,10.514199999999999,,,
2023-08-04,HistoricalMedian,9.0,9.0,8.0,0.3333333333333333,6.625,7.75,6.328374999999999,0.875,1.0,0.75
2023-08-04,ConformalRobust,9.0,9.0,8.0,0.3333333333333333,19.375,10.25,12.645875,,,
2023-08-05,Persistence,9.0,8.0,5.0,1.1666666666666667,12.4,11.4,9.3462,,,
2023-08-05,HistoricalMedian,9.0,5.0,5.0,0.6666666666666666,4.6,2.0,5.010199999999999,1.0,1.0,0.8
2023-08-05,ConformalRobust,9.0,5.0,5.0,0.6666666666666666,19.6,11.0,9.6876,,,
2023-08-06,Persistence,7.0,9.0,6.0,0.6666666666666666,8.833333333333334,11.166666666666666,2.6025,,,
2023-08-06,HistoricalMedian,7.0,5.0,5.0,0.3333333333333333,6.0,6.6,3.0747,1.0,1.0,1.0
2023-08-06,ConformalRobust,7.0,5.0,5.0,0.3333333333333333,16.6,12.2,3.4787999999999997,,,
2023-08-07,Persistence,10.0,12.0,9.0,0.6666666666666666,7.555555555555555,7.777777777777778,9.748666666666667,,,
2023-08-07,HistoricalMedian,10.0,12.0,8.0,1.0,8.25,8.625,6.9595,0.875,1.0,1.0
2023-08-07,ConformalRobust,10.0,12.0,8.0,1.0,17.0,11.25,7.067125000000001,,,
2023-08-08,Persistence,10.0,12.0,9.0,0.6666666666666666,9.666666666666666,12.0,8.746222222222222,,,
2023-08-08,HistoricalMedian,10.0,11.0,9.0,0.5,10.0,12.333333333333334,6.643111111111111,1.0,0.7777777777777778,0.7777777777777778
2023-08-08,ConformalRobust,10.0,11.0,9.0,0.5,22.77777777777778,14.777777777777779,12.995555555555557,,,
2023-08-09,Persistence,11.0,11.0,9.0,0.6666666666666666,17.555555555555557,14.555555555555555,9.028666666666666,,,
2023-08-09,HistoricalMedian,11.0,11.0,9.0,0.6666666666666666,14.0,10.555555555555555,8.485333333333333,1.0,0.7777777777777778,0.6666666666666666
2023-08-09,ConformalRobust,11.0,11.0,9.0,0.6666666666666666,23.88888888888889,12.444444444444445,14.991999999999999,,,
2023-08-10,Persistence,11.0,11.0,9.0,0.6666666666666666,13.777777777777779,16.11111111111111,10.975666666666667,,,
2023-08-10,HistoricalMedian,11.0,11.0,8.0,1.0,10.375,13.75,6.36075,1.0,0.75,0.875
2023-08-10,ConformalRobust,11.0,11.0,8.0,1.0,20.875,13.375,9.813,,,
2023-08-11,Persistence,6.0,9.0,4.0,1.1666666666666667,4.75,6.5,6.4712499999999995,,,
2023-08-11,HistoricalMedian,6.0,8.0,4.0,1.0,3.25,8.5,4.407125000000001,1.0,0.75,1.0
2023-08-11,ConformalRobust,6.0,8.0,4.0,1.0,18.75,9.5,12.69825,,,
2023-08-12,Persistence,6.0,9.0,5.0,0.8333333333333334,9.0,4.8,3.7715999999999994,,,
2023-08-12,HistoricalMedian,6.0,6.0,3.0,1.0,3.3333333333333335,3.3333333333333335,0.7319999999999997,1.0,1.0,1.0
2023-08-12,ConformalRobust,6.0,6.0,3.0,1.0,13.666666666666666,6.666666666666667,6.2043333333333335,,,
2023-08-13,Persistence,8.0,7.0,5.0,0.8333333333333334,6.4,6.0,3.373,,,
2023-08-13,HistoricalMedian,8.0,6.0,5.0,0.6666666666666666,6.6,6.4,4.4017,1.0,1.0,1.0
2023-08-13,ConformalRobust,8.0,6.0,5.0,0.6666666666666666,23.2,17.6,4.7378,,,
2023-08-14,Persistence,9.0,10.0,8.0,0.5,5.75,6.0,11.0115,,,
2023-08-14,HistoricalMedian,9.0,13.0,8.0,1.0,5.375,6.25,8.2056875,1.0,1.0,0.875
2023-08-14,ConformalRobust,9.0,13.0,8.0,1.0,17.625,7.25,12.832125,,,
2023-08-15,Persistence,8.0,10.0,7.0,0.6666666666666666,5.571428571428571,8.285714285714286,8.163428571428572,,,
2023-08-15,HistoricalMedian,8.0,11.0,7.0,0.8333333333333334,10.714285714285714,8.857142857142858,11.62907142857143,0.8571428571428571,0.8571428571428571,0.7142857142857143
2023-08-15,ConformalRobust,8.0,11.0,7.0,0.8333333333333334,16.857142857142858,13.142857142857142,14.838,,,
2023-08-16,Persistence,13.0,11.0,10.0,0.6666666666666666,16.3,16.0,8.3057,,,
2023-08-16,HistoricalMedian,13.0,12.0,12.0,0.16666666666666666,11.0,12.666666666666666,6.471583333333332,0.9166666666666666,0.8333333333333334,1.0
2023-08-16,ConformalRobust,13.0,12.0,12.0,0.16666666666666666,22.0,12.833333333333334,9.810833333333333,,,
2023-08-17,Persistence,10.0,11.0,9.0,0.5,15.333333333333334,19.666666666666668,9.271333333333335,,,
2023-08-17,HistoricalMedian,10.0,9.0,8.0,0.5,7.875,13.75,11.005062500000001,0.875,0.75,0.875
2023-08-17,ConformalRobust,10.0,9.0,8.0,0.5,18.875,12.875,12.557625000000002,,,
2023-08-18,Persistence,10.0,6.0,6.0,0.6666666666666666,13.333333333333334,16.666666666666668,7.802,,,
2023-08-18,HistoricalMedian,10.0,8.0,6.0,1.0,9.833333333333334,12.333333333333334,6.8581666666666665,0.8333333333333334,0.8333333333333334,1.0
2023-08-18,ConformalRobust,10.0,8.0,6.0,1.0,9.833333333333334,6.166666666666667,5.919666666666667,,,
2023-08-19,Persistence,7.0,6.0,4.0,0.8333333333333334,9.75,9.75,2.26725,,,
2023-08-19,HistoricalMedian,7.0,9.0,6.0,0.6666666666666666,9.833333333333334,8.833333333333334,3.68625,0.8333333333333334,1.0,1.0
2023-08-19,ConformalRobust,7.0,9.0,6.0,0.6666666666666666,19.5,15.166666666666666,7.581666666666667,,,
2023-08-20,Persistence,0.0,8.0,0.0,1.3333333333333333,nan,nan,nan,,,
2023-08-20,HistoricalMedian,0.0,7.0,0.0,1.1666666666666667,nan,nan,nan,nan,nan,nan
2023-08-20,ConformalRobust,0.0,7.0,0.0,1.1666666666666667,nan,nan,nan,,,
2023-08-21,Persistence,7.0,9.0,6.0,0.6666666666666666,10.833333333333334,14.666666666666666,4.021,,,
2023-08-21,HistoricalMedian,7.0,12.0,6.0,1.1666666666666667,10.833333333333334,15.0,3.226416666666666,1.0,0.6666666666666666,1.0
2023-08-21,ConformalRobust,7.0,12.0,6.0,1.1666666666666667,20.5,13.333333333333334,8.107999999999999,,,
2023-08-22,Persistence,7.0,8.0,5.0,0.8333333333333334,9.6,16.4,7.7834,,,
2023-08-22,HistoricalMedian,7.0,10.0,5.0,1.1666666666666667,7.2,17.6,8.2815,1.0,0.8,1.0
2023-08-22,ConformalRobust,7.0,10.0,5.0,1.1666666666666667,12.2,13.2,11.2956,,,
2023-08-23,Persistence,12.0,13.0,11.0,0.5,10.636363636363637,8.727272727272727,7.141454545454545,,,
2023-08-23,HistoricalMedian,12.0,12.0,11.0,0.3333333333333333,5.181818181818182,5.545454545454546,4.936,1.0,1.0,1.0
2023-08-23,ConformalRobust,12.0,12.0,11.0,0.3333333333333333,17.818181818181817,6.545454545454546,6.142363636363637,,,
2023-08-24,Persistence,10.0,10.0,7.0,1.0,13.285714285714286,16.142857142857142,8.335,,,
2023-08-24,HistoricalMedian,10.0,9.0,7.0,0.8333333333333334,13.285714285714286,12.285714285714286,7.4536428571428575,1.0,0.8571428571428571,0.8571428571428571
2023-08-24,ConformalRobust,10.0,9.0,7.0,0.8333333333333334,19.428571428571427,15.714285714285714,13.684285714285716,,,
2023-08-25,Persistence,9.0,10.0,7.0,0.8333333333333334,17.142857142857142,15.428571428571429,8.395,,,
2023-08-25,HistoricalMedian,9.0,8.0,6.0,0.8333333333333334,14.0,17.666666666666668,10.31,0.8333333333333334,0.6666666666666666,0.8333333333333334
2023-08-25,ConformalRobust,9.0,8.0,6.0,0.8333333333333334,24.333333333333332,17.833333333333332,5.7285,,,
2023-08-26,Persistence,12.0,7.0,7.0,0.8333333333333334,5.571428571428571,7.714285714285714,8.927142857142858,,,
2023-08-26,HistoricalMedian,12.0,10.0,9.0,0.6666666666666666,6.888888888888889,9.222222222222221,4.721666666666668,1.0,0.8888888888888888,1.0
2023-08-26,ConformalRobust,12.0,10.0,9.0,0.6666666666666666,18.11111111111111,11.88888888888889,7.226888888888889,,,
2023-08-27,Persistence,7.0,0.0,0.0,1.1666666666666667,nan,nan,nan,,,
2023-08-27,HistoricalMedian,7.0,8.0,4.0,1.1666666666666667,14.0,12.75,7.6431249999999995,1.0,1.0,0.75
2023-08-27,ConformalRobust,7.0,8.0,4.0,1.1666666666666667,10.5,6.0,12.11825,,,
2023-08-28,Persistence,10.0,7.0,6.0,0.8333333333333334,9.5,8.0,7.820333333333334,,,
2023-08-28,HistoricalMedian,10.0,10.0,9.0,0.3333333333333333,12.777777777777779,13.222222222222221,10.033444444444445,0.8888888888888888,0.7777777777777778,0.6666666666666666
2023-08-28,ConformalRobust,10.0,10.0,9.0,0.3333333333333333,17.333333333333332,9.555555555555555,14.762555555555556,,,
2023-08-29,Persistence,8.0,7.0,4.0,1.1666666666666667,9.5,17.75,9.3305,,,
2023-08-29,HistoricalMedian,8.0,10.0,7.0,0.6666666666666666,3.4285714285714284,8.857142857142858,6.916357142857143,1.0,1.0,0.8571428571428571
2023-08-29,ConformalRobust,8.0,10.0,7.0,0.6666666666666666,18.142857142857142,7.714285714285714,13.089857142857143,,,
2023-08-30,Persistence,8.0,12.0,8.0,0.6666666666666666,4.25,8.0,7.041375,,,
2023-08-30,HistoricalMedian,8.0,13.0,8.0,0.8333333333333334,6.875,7.625,5.253375,0.875,1.0,0.875
2023-08-30,ConformalRobust,8.0,13.0,8.0,0.8333333333333334,13.375,8.625,8.765375,,,
2023-08-31,Persistence,10.0,10.0,8.0,0.6666666666666666,12.75,14.625,9.462375,,,
2023-08-31,HistoricalMedian,10.0,10.0,8.0,0.6666666666666666,11.25,17.5,7.491062499999999,0.75,1.0,0.875
2023-08-31,ConformalRobust,10.0,10.0,8.0,0.6666666666666666,16.75,15.375,15.1815,,,
2023-09-01,Persistence,9.0,9.0,6.0,1.0,15.166666666666666,18.5,14.338333333333333,,,
2023-09-01,HistoricalMedian,9.0,11.0,8.0,0.6666666666666666,8.25,11.0,11.246625,1.0,1.0,0.625
2023-09-01,ConformalRobust,9.0,11.0,8.0,0.6666666666666666,13.25,6.75,16.801375,,,
2023-09-02,Persistence,6.0,12.0,6.0,1.0,5.833333333333333,4.5,3.183166666666667,,,
2023-09-02,HistoricalMedian,6.0,11.0,5.0,1.1666666666666667,5.8,6.2,2.3567,1.0,1.0,1.0
2023-09-02,ConformalRobust,6.0,11.0,5.0,1.1666666666666667,18.4,12.4,4.8208,,,
2023-09-03,Persistence,6.0,7.0,6.0,0.16666666666666666,14.5,14.166666666666666,8.788333333333334,,,
2023-09-03,HistoricalMedian,6.0,7.0,6.0,0.16666666666666666,7.666666666666667,7.666666666666667,7.923333333333333,0.8333333333333334,1.0,0.8333333333333334
2023-09-03,ConformalRobust,6.0,7.0,6.0,0.16666666666666666,13.333333333333334,9.0,6.710166666666667,,,
2023-09-04,Persistence,6.0,10.0,6.0,0.6666666666666666,24.333333333333332,18.0,8.360999999999999,,,
2023-09-04,HistoricalMedian,6.0,10.0,6.0,0.6666666666666666,16.666666666666668,11.333333333333334,5.747583333333332,0.5,1.0,1.0
2023-09-04,ConformalRobust,6.0,10.0,6.0,0.6666666666666666,8.666666666666666,9.0,4.713,,,
2023-09-05,Persistence,6.0,8.0,3.0,1.3333333333333333,2.6666666666666665,6.666666666666667,9.859,,,
2023-09-05,HistoricalMedian,6.0,9.0,5.0,0.8333333333333334,3.8,7.6,5.3884,1.0,1.0,1.0
2023-09-05,ConformalRobust,6.0,9.0,5.0,0.8333333333333334,20.0,5.6,13.107,,,
2023-09-06,Persistence,13.0,8.0,5.0,1.8333333333333333,11.4,12.6,2.6740000000000004,,,
2023-09-06,HistoricalMedian,13.0,12.0,8.0,1.5,4.0,5.375,5.138625000000001,1.0,0.875,1.0
2023-09-06,ConformalRobust,13.0,12.0,8.0,1.5,19.0,7.625,8.61025,,,
2023-09-07,Persistence,10.0,10.0,10.0,0.0,8.3,6.2,5.9893,,,
2023-09-07,HistoricalMedian,10.0,12.0,10.0,0.3333333333333333,4.1,11.6,5.91635,1.0,1.0,0.9
2023-09-07,ConformalRobust,10.0,12.0,10.0,0.3333333333333333,15.5,10.5,11.896899999999999,,,
2023-09-08,Persistence,9.0,9.0,5.0,1.3333333333333333,4.8,7.4,12.1144,,,
2023-09-08,HistoricalMedian,9.0,11.0,7.0,1.0,7.857142857142857,9.857142857142858,4.551285714285714,1.0,0.8571428571428571,0.8571428571428571
2023-09-08,ConformalRobust,9.0,11.0,7.0,1.0,16.857142857142858,12.0,10.425571428571429,,,
2023-09-09,Persistence,7.0,6.0,4.0,0.8333333333333334,9.5,12.0,3.3787499999999997,,,
2023-09-09,HistoricalMedian,7.0,10.0,6.0,0.8333333333333334,11.166666666666666,10.666666666666666,4.631833333333334,0.6666666666666666,1.0,1.0
2023-09-09,ConformalRobust,7.0,10.0,6.0,0.8333333333333334,10.833333333333334,9.166666666666666,3.6078333333333332,,,
2023-09-10,Persistence,7.0,6.0,4.0,0.8333333333333334,13.25,18.75,3.309,,,
2023-09-10,HistoricalMedian,7.0,6.0,4.0,0.8333333333333334,16.0,18.5,5.92,1.0,0.75,1.0
2023-09-10,ConformalRobust,7.0,6.0,4.0,0.8333333333333334,23.5,20.25,6.0465,,,
2023-09-11,Persistence,8.0,6.0,4.0,1.0,16.5,14.75,3.9644999999999997,,,
2023-09-11,HistoricalMedian,8.0,9.0,6.0,0.8333333333333334,13.666666666666666,17.666666666666668,9.412,0.6666666666666666,0.8333333333333334,1.0
2023-09-11,ConformalRobust,8.0,9.0,6.0,0.8333333333333334,19.0,16.166666666666668,3.9611666666666667,,,
2023-09-12,Persistence,7.0,6.0,4.0,0.8333333333333334,8.5,13.75,13.056249999999999,,,
2023-09-12,HistoricalMedian,7.0,8.0,5.0,0.8333333333333334,15.0,12.4,9.7666,0.8,1.0,0.8
2023-09-12,ConformalRobust,7.0,8.0,5.0,0.8333333333333334,19.2,9.0,10.039,,,
2023-09-13,Persistence,9.0,13.0,5.0,2.0,7.2,6.0,12.1276,,,
2023-09-13,HistoricalMedian,9.0,13.0,8.0,1.0,4.125,4.125,10.4560625,1.0,1.0,0.75
2023-09-13,ConformalRobust,9.0,13.0,8.0,1.0,15.125,6.75,12.647375,,,
2023-09-14,Persistence,4.0,10.0,3.0,1.3333333333333333,15.666666666666666,22.333333333333332,3.3563333333333336,,,
2023-09-14,HistoricalMedian,4.0,11.0,3.0,1.5,15.0,21.0,3.0718333333333336,0.6666666666666666,0.6666666666666666,1.0
2023-09-14,ConformalRobust,4.0,11.0,3.0,1.5,20.666666666666668,16.333333333333332,5.049333333333333,,,
2023-09-15,Persistence,7.0,9.0,5.0,1.0,5.0,4.8,6.8172,,,
2023-09-15,HistoricalMedian,7.0,12.0,7.0,0.8333333333333334,6.285714285714286,10.0,7.375642857142857,0.8571428571428571,1.0,0.8571428571428571
2023-09-15,ConformalRobust,7.0,12.0,7.0,0.8333333333333334,17.571428571428573,11.714285714285714,10.386571428571429,,,
2023-09-16,Persistence,8.0,7.0,5.0,0.8333333333333334,18.2,14.2,6.524000000000001,,,
2023-09-16,HistoricalMedian,8.0,10.0,8.0,0.3333333333333333,16.5,16.625,5.5378125,0.875,0.875,0.875
2023-09-16,ConformalRobust,8.0,10.0,8.0,0.3333333333333333,15.25,11.125,9.08525,,,
2023-09-17,Persistence,7.0,7.0,4.0,1.0,4.25,9.75,10.9175,,,
2023-09-17,HistoricalMedian,7.0,7.0,6.0,0.3333333333333333,10.0,14.833333333333334,9.471666666666668,1.0,1.0,0.8333333333333334
2023-09-17,ConformalRobust,7.0,7.0,6.0,0.3333333333333333,25.0,20.5,10.461666666666666,,,
2023-09-18,Persistence,11.0,8.0,5.0,1.5,9.2,9.8,10.526,,,
2023-09-18,HistoricalMedian,11.0,9.0,7.0,1.0,7.0,9.142857142857142,5.7705714285714285,0.8571428571428571,1.0,1.0
2023-09-18,ConformalRobust,11.0,9.0,7.0,1.0,16.285714285714285,11.142857142857142,11.255285714285716,,,
2023-09-19,Persistence,12.0,7.0,6.0,1.1666666666666667,15.5,17.666666666666668,15.358833333333331,,,
2023-09-19,HistoricalMedian,12.0,8.0,7.0,1.0,10.142857142857142,16.0,9.54442857142857,0.8571428571428571,1.0,0.7142857142857143
2023-09-19,ConformalRobust,12.0,8.0,7.0,1.0,17.714285714285715,12.714285714285714,17.63957142857143,,,
2023-09-20,Persistence,11.0,9.0,6.0,1.3333333333333333,12.5,13.333333333333334,9.078666666666665,,,
2023-09-20,HistoricalMedian,11.0,10.0,8.0,0.8333333333333334,14.375,13.25,8.2555625,0.75,1.0,0.75
2023-09-20,ConformalRobust,11.0,10.0,8.0,0.8333333333333334,18.875,11.75,11.841125,,,
2023-09-21,Persistence,15.0,4.0,2.0,2.5,19.5,22.5,6.840500000000002,,,
2023-09-21,HistoricalMedian,15.0,10.0,8.0,1.5,9.375,15.375,10.58625,1.0,0.625,0.875
2023-09-21,ConformalRobust,15.0,10.0,8.0,1.5,20.375,15.75,8.78025,,,
2023-09-22,Persistence,12.0,7.0,5.0,1.5,17.2,11.8,12.2912,,,
2023-09-22,HistoricalMedian,12.0,10.0,7.0,1.3333333333333333,19.285714285714285,15.142857142857142,7.573357142857143,0.8571428571428571,0.8571428571428571,1.0
2023-09-22,ConformalRobust,12.0,10.0,7.0,1.3333333333333333,29.714285714285715,22.285714285714285,10.409,,,
2023-09-23,Persistence,8.0,8.0,6.0,0.6666666666666666,15.0,12.833333333333334,5.435666666666666,,,
2023-09-23,HistoricalMedian,8.0,9.0,7.0,0.5,10.142857142857142,8.714285714285714,7.708571428571429,1.0,1.0,0.7142857142857143
2023-09-23,ConformalRobust,8.0,9.0,7.0,0.5,17.428571428571427,10.857142857142858,13.372,,,
2023-09-24,Persistence,9.0,7.0,6.0,0.6666666666666666,16.833333333333332,14.833333333333334,9.4695,,,
2023-09-24,HistoricalMedian,9.0,7.0,6.0,0.6666666666666666,12.0,10.166666666666666,3.689916666666667,1.0,0.8333333333333334,1.0
2023-09-24,ConformalRobust,9.0,7.0,6.0,0.6666666666666666,20.666666666666668,16.833333333333332,5.430833333333333,,,
2023-09-25,Persistence,11.0,11.0,7.0,1.3333333333333333,9.285714285714286,5.0,7.563285714285715,,,
2023-09-25,HistoricalMedian,11.0,9.0,7.0,1.0,9.142857142857142,7.714285714285714,7.6038571428571435,1.0,1.0,0.8571428571428571
2023-09-25,ConformalRobust,11.0,9.0,7.0,1.0,18.714285714285715,12.714285714285714,10.696285714285713,,,
2023-09-26,Persistence,12.0,12.0,9.0,1.0,15.0,19.0,8.356666666666666,,,
2023-09-26,HistoricalMedian,12.0,10.0,8.0,1.0,10.25,12.75,4.091,0.875,0.875,1.0
2023-09-26,ConformalRobust,12.0,10.0,8.0,1.0,21.0,14.5,8.5555,,,
2023-09-27,Persistence,18.0,11.0,9.0,1.8333333333333333,12.333333333333334,12.333333333333334,8.543666666666667,,,
2023-09-27,HistoricalMedian,18.0,11.0,10.0,1.5,9.5,11.9,6.543550000000001,0.9,0.7,1.0
2023-09-27,ConformalRobust,18.0,11.0,10.0,1.5,20.9,15.9,7.0146,,,
2023-09-28,Persistence,11.0,15.0,11.0,0.6666666666666666,13.0,10.363636363636363,12.568272727272728,,,
2023-09-28,HistoricalMedian,11.0,10.0,7.0,1.1666666666666667,18.428571428571427,20.428571428571427,10.677285714285714,0.8571428571428571,0.7142857142857143,0.8571428571428571
2023-09-28,ConformalRobust,11.0,10.0,7.0,1.1666666666666667,25.428571428571427,21.0,11.253714285714285,,,
2023-09-29,Persistence,8.0,12.0,6.0,1.3333333333333333,22.833333333333332,18.166666666666668,7.568499999999999,,,
2023-09-29,HistoricalMedian,8.0,11.0,7.0,0.8333333333333334,9.857142857142858,9.142857142857142,6.326642857142857,0.8571428571428571,1.0,1.0
2023-09-29,ConformalRobust,8.0,11.0,7.0,0.8333333333333334,18.0,9.714285714285714,7.651571428571429,,,
2023-09-30,Persistence,14.0,8.0,8.0,1.0,6.5,7.25,5.647875,,,
2023-09-30,HistoricalMedian,14.0,8.0,8.0,1.0,7.75,6.75,7.7345,1.0,0.875,0.875
2023-09-30,ConformalRobust,14.0,8.0,8.0,1.0,22.75,13.625,10.255125,,,
