target_day,charger_count,session_count,ev_variable_count,charger_variable_count,ev_objective,charger_objective,objective_gap,max_load_gap_kw,ev_runtime_seconds,charger_runtime_seconds,runtime_ratio_ev_over_charger,energy_kwh,peak_kw,charger_ids
2023-07-03,3,4,386,578,158.00954324232876,158.00954324232876,0.0,0.0,0.006599290994927287,0.008894333033822477,0.7419658078725145,37.647999999999826,5.9280006101945135,UCSD / GILMAN 2-2|2;UCSD / SCHOLARS - 07|2;UCSD / RADY P357 5|2
2023-07-17,3,4,386,578,227.03701432438913,227.03701432438913,0.0,0.0,0.005546415923163295,0.0068660000106319785,0.807808901044959,24.15700000000013,4.242667543428521,UCSD / GILMAN 2-2|2;UCSD / SCHOLARS - 07|2;UCSD / RADY P357 5|2
2023-08-01,3,6,578,578,339.25369748982234,339.25369748982234,0.0,2.170708057747106e-12,0.007289375062100589,0.009291375055909157,0.7845313549650189,57.833,5.92,UCSD / GILMAN 2-2|2;UCSD / SCHOLARS - 07|2;UCSD / RADY P357 5|2
2023-08-15,3,3,290,578,383.9632952185203,383.9632952185202,-5.684341886080802e-14,3.4994229736184934e-13,0.004726625047624111,0.008371833013370633,0.5645866371289574,79.87300000000039,12.109334816106395,UCSD / GILMAN 2-2|2;UCSD / SCHOLARS - 07|2;UCSD / RADY P357 5|2
2023-09-01,3,6,578,578,545.3225087855844,545.3225087855851,6.821210263296962e-13,7.639755494892597e-11,0.007154374965466559,0.009345458005554974,0.7655456759009535,137.09199999999998,12.973848484848489,UCSD / GILMAN 2-2|2;UCSD / SCHOLARS - 07|2;UCSD / RADY P357 5|2
2023-09-15,3,5,482,578,380.36810175371784,380.36810175371784,0.0,0.0,0.006260833004489541,0.008788457955233753,0.7123926673348939,70.969,6.576268752980107,UCSD / GILMAN 2-2|2;UCSD / SCHOLARS - 07|2;UCSD / RADY P357 5|2
2023-09-29,3,5,482,578,252.86154862882435,252.86154862882435,0.0,2.842170943040401e-14,0.005799124948680401,0.008305790950544178,0.6982026134790275,55.256,9.50960097648994,UCSD / GILMAN 2-2|2;UCSD / SCHOLARS - 07|2;UCSD / RADY P357 5|2
2023-07-03,6,12,1154,1154,606.8986632404603,606.8986632404607,3.410605131648481e-13,3.552713678800501e-14,0.011549875023774803,0.015046208049170673,0.7676269652812235,121.43299999999999,14.203335677028702,UCSD / GILMAN 2-2|2;UCSD / SCHOLARS - 07|2;UCSD / RADY P357 5|2;UCSD / BIRCH AQUARIUM|1;UCSD / SCHOLARS - 01|1;UCSD / SCHOLARS - 08|2
2023-07-17,6,11,1058,1154,480.4021710622085,480.4021710622084,-5.684341886080802e-14,8.881784197001252e-14,0.01033216598443687,0.012638624990358949,0.81750712536518,98.523,13.68160185519662,UCSD / GILMAN 2-2|2;UCSD / SCHOLARS - 07|2;UCSD / RADY P357 5|2;UCSD / BIRCH AQUARIUM|1;UCSD / SCHOLARS - 01|1;UCSD / SCHOLARS - 08|2
2023-08-01,6,12,1154,1154,498.1919082451659,498.1919082451659,0.0,1.102873348202138e-11,0.010924999951384962,0.014481208054348826,0.7544260057850695,104.54400000000001,11.840666666666664,UCSD / GILMAN 2-2|2;UCSD / SCHOLARS - 07|2;UCSD / RADY P357 5|2;UCSD / BIRCH AQUARIUM|1;UCSD / SCHOLARS - 01|1;UCSD / SCHOLARS - 08|2
2023-08-15,6,8,770,1154,566.8056863157649,566.8056863157649,0.0,4.263256414560601e-14,0.008136374992318451,0.01406370906624943,0.5785369246470266,123.75300000000001,18.96654764341148,UCSD / GILMAN 2-2|2;UCSD / SCHOLARS - 07|2;UCSD / RADY P357 5|2;UCSD / BIRCH AQUARIUM|1;UCSD / SCHOLARS - 01|1;UCSD / SCHOLARS - 08|2
2023-09-01,6,9,866,1154,690.5326343879874,690.5326343879876,2.2737367544323206e-13,1.0585310405986093e-11,0.009034749935381114,0.011163290939293802,0.8093267464327737,148.77400000000003,16.322285714285734,UCSD / GILMAN 2-2|2;UCSD / SCHOLARS - 07|2;UCSD / RADY P357 5|2;UCSD / BIRCH AQUARIUM|1;UCSD / SCHOLARS - 01|1;UCSD / SCHOLARS - 08|2
2023-09-15,6,7,674,1154,381.9577913052808,381.9577913052808,0.0,0.0,0.007710917037911713,0.012417541933245957,0.6209696797775236,84.256,6.576268761699533,UCSD / GILMAN 2-2|2;UCSD / SCHOLARS - 07|2;UCSD / RADY P357 5|2;UCSD / BIRCH AQUARIUM|1;UCSD / SCHOLARS - 01|1;UCSD / SCHOLARS - 08|2
2023-09-29,6,8,770,1154,254.75118186261565,254.75118186261562,-2.842170943040401e-14,2.842170943040401e-14,0.008060083026066422,0.012400415958836675,0.6499848918634634,71.05000000000004,9.509600983787244,UCSD / GILMAN 2-2|2;UCSD / SCHOLARS - 07|2;UCSD / RADY P357 5|2;UCSD / BIRCH AQUARIUM|1;UCSD / SCHOLARS - 01|1;UCSD / SCHOLARS - 08|2
2023-07-03,9,18,1730,1730,940.5505930303872,940.5505930303881,9.094947017729282e-13,7.247535904753022e-13,0.016085834009572864,0.01955029193777591,0.8227925220129899,200.9689999999993,19.65552365034224,UCSD / GILMAN 2-2|2;UCSD / SCHOLARS - 07|2;UCSD / RADY P357 5|2;UCSD / BIRCH AQUARIUM|1;UCSD / SCHOLARS - 01|1;UCSD / SCHOLARS - 08|2;UCSD / RADY P357 3|2;UCSD / SCHOLARS - 03|2;UCSD / SCHOLARS - 07|1
2023-07-17,9,15,1442,1730,538.8362706583397,538.8362706583398,1.1368683772161603e-13,1.4210854715202004e-14,0.013660959084518254,0.019752166932448745,0.6916182478225268,137.95399999999998,15.756002080854927,UCSD / GILMAN 2-2|2;UCSD / SCHOLARS - 07|2;UCSD / RADY P357 5|2;UCSD / BIRCH AQUARIUM|1;UCSD / SCHOLARS - 01|1;UCSD / SCHOLARS - 08|2;UCSD / RADY P357 3|2;UCSD / SCHOLARS - 03|2;UCSD / SCHOLARS - 07|1
2023-08-01,9,14,1346,1730,501.2231699655239,501.223169965524,1.1368683772161603e-13,2.2108759267780442e-11,0.013343167025595903,0.01978895894717425,0.674273318834755,129.88,11.840666666666664,UCSD / GILMAN 2-2|2;UCSD / SCHOLARS - 07|2;UCSD / RADY P357 5|2;UCSD / BIRCH AQUARIUM|1;UCSD / SCHOLARS - 01|1;UCSD / SCHOLARS - 08|2;UCSD / RADY P357 3|2;UCSD / SCHOLARS - 03|2;UCSD / SCHOLARS - 07|1
2023-08-15,9,11,1058,1730,698.2187997036459,698.2187997036459,0.0,3.552713678800501e-15,0.010833791922777891,0.02030258404556662,0.5336164055995432,144.293,23.946502696351573,UCSD / GILMAN 2-2|2;UCSD / SCHOLARS - 07|2;UCSD / RADY P357 5|2;UCSD / BIRCH AQUARIUM|1;UCSD / SCHOLARS - 01|1;UCSD / SCHOLARS - 08|2;UCSD / RADY P357 3|2;UCSD / SCHOLARS - 03|2;UCSD / SCHOLARS - 07|1
2023-09-01,9,12,1154,1730,692.8855232809683,692.8855232809683,0.0,1.3571366253017914e-11,0.012178582954220474,0.01597545901313424,0.7623307063795687,168.44,16.322285714285734,UCSD / GILMAN 2-2|2;UCSD / SCHOLARS - 07|2;UCSD / RADY P357 5|2;UCSD / BIRCH AQUARIUM|1;UCSD / SCHOLARS - 01|1;UCSD / SCHOLARS - 08|2;UCSD / RADY P357 3|2;UCSD / SCHOLARS - 03|2;UCSD / SCHOLARS - 07|1
2023-09-15,9,11,1058,1730,733.2505922688637,733.250592268864,3.410605131648481e-13,7.815970093361102e-14,0.011044458020478487,0.019282042048871517,0.5727846662965277,151.685,13.20000974479373,UCSD / GILMAN 2-2|2;UCSD / SCHOLARS - 07|2;UCSD / RADY P357 5|2;UCSD / BIRCH AQUARIUM|1;UCSD / SCHOLARS - 01|1;UCSD / SCHOLARS - 08|2;UCSD / RADY P357 3|2;UCSD / SCHOLARS - 03|2;UCSD / SCHOLARS - 07|1
2023-09-29,9,14,1346,1730,498.90508515977166,498.90508515977166,0.0,7.460698725481052e-14,0.013728959020227194,0.02041037497110665,0.6726460949229103,160.214,18.52626859331704,UCSD / GILMAN 2-2|2;UCSD / SCHOLARS - 07|2;UCSD / RADY P357 5|2;UCSD / BIRCH AQUARIUM|1;UCSD / SCHOLARS - 01|1;UCSD / SCHOLARS - 08|2;UCSD / RADY P357 3|2;UCSD / SCHOLARS - 03|2;UCSD / SCHOLARS - 07|1
2023-07-03,12,23,2210,2306,1096.9461203030883,1096.9461203030894,1.1368683772161603e-12,5.424816151844425e-11,0.020940124988555908,0.02789012505672872,0.7508078556823801,261.63399999999996,25.038461538461547,UCSD / GILMAN 2-2|2;UCSD / SCHOLARS - 07|2;UCSD / RADY P357 5|2;UCSD / BIRCH AQUARIUM|1;UCSD / SCHOLARS - 01|1;UCSD / SCHOLARS - 08|2;UCSD / RADY P357 3|2;UCSD / SCHOLARS - 03|2;UCSD / SCHOLARS - 07|1;UCSD / SIO P001 1|2;UCSD / SCHOLARS - 01|2;UCSD / OSLER 4-1|2
2023-07-17,12,20,1922,2306,794.6976745549078,794.6976745549076,-2.2737367544323206e-13,2.216348111983013e-11,0.021223042043857276,0.027856500004418194,0.7618703728211077,220.419,25.255733333333353,UCSD / GILMAN 2-2|2;UCSD / SCHOLARS - 07|2;UCSD / RADY P357 5|2;UCSD / BIRCH AQUARIUM|1;UCSD / SCHOLARS - 01|1;UCSD / SCHOLARS - 08|2;UCSD / RADY P357 3|2;UCSD / SCHOLARS - 03|2;UCSD / SCHOLARS - 07|1;UCSD / SIO P001 1|2;UCSD / SCHOLARS - 01|2;UCSD / OSLER 4-1|2
2023-08-01,12,21,2018,2306,745.3294284447707,745.3294284447704,-2.2737367544323206e-13,3.2009062067572813e-11,0.019283875008113682,0.025778040988370776,0.7480737196753314,226.041,18.26745945945947,UCSD / GILMAN 2-2|2;UCSD / SCHOLARS - 07|2;UCSD / RADY P357 5|2;UCSD / BIRCH AQUARIUM|1;UCSD / SCHOLARS - 01|1;UCSD / SCHOLARS - 08|2;UCSD / RADY P357 3|2;UCSD / SCHOLARS - 03|2;UCSD / SCHOLARS - 07|1;UCSD / SIO P001 1|2;UCSD / SCHOLARS - 01|2;UCSD / OSLER 4-1|2
2023-08-15,12,14,1346,2306,889.9092823647684,889.9092823647684,0.0,7.105427357601002e-15,0.012629250064492226,0.022055041044950485,0.5726241922992793,198.99099999999976,31.09640343661372,UCSD / GILMAN 2-2|2;UCSD / SCHOLARS - 07|2;UCSD / RADY P357 5|2;UCSD / BIRCH AQUARIUM|1;UCSD / SCHOLARS - 01|1;UCSD / SCHOLARS - 08|2;UCSD / RADY P357 3|2;UCSD / SCHOLARS - 03|2;UCSD / SCHOLARS - 07|1;UCSD / SIO P001 1|2;UCSD / SCHOLARS - 01|2;UCSD / OSLER 4-1|2
2023-09-01,12,18,1730,2306,739.8306027351056,739.8306027351058,2.2737367544323206e-13,2.6703084188284265e-11,0.01617008401080966,0.02156191598623991,0.7499372514543171,232.45300000000003,18.63944736842107,UCSD / GILMAN 2-2|2;UCSD / SCHOLARS - 07|2;UCSD / RADY P357 5|2;UCSD / BIRCH AQUARIUM|1;UCSD / SCHOLARS - 01|1;UCSD / SCHOLARS - 08|2;UCSD / RADY P357 3|2;UCSD / SCHOLARS - 03|2;UCSD / SCHOLARS - 07|1;UCSD / SIO P001 1|2;UCSD / SCHOLARS - 01|2;UCSD / OSLER 4-1|2
2023-09-15,12,15,1442,2306,887.0441910125458,887.044191012546,2.2737367544323206e-13,4.263256414560601e-14,0.01355170807801187,0.02411433297675103,0.5619773141175941,232.04799999999997,21.73967009221607,UCSD / GILMAN 2-2|2;UCSD / SCHOLARS - 07|2;UCSD / RADY P357 5|2;UCSD / BIRCH AQUARIUM|1;UCSD / SCHOLARS - 01|1;UCSD / SCHOLARS - 08|2;UCSD / RADY P357 3|2;UCSD / SCHOLARS - 03|2;UCSD / SCHOLARS - 07|1;UCSD / SIO P001 1|2;UCSD / SCHOLARS - 01|2;UCSD / OSLER 4-1|2
2023-09-29,12,18,1730,2306,869.1563282698768,869.1563282698768,0.0,2.4868995751603507e-14,0.01633287500590086,0.025306624942459166,0.6453991807693703,214.50099999999998,21.433836709966727,UCSD / GILMAN 2-2|2;UCSD / SCHOLARS - 07|2;UCSD / RADY P357 5|2;UCSD / BIRCH AQUARIUM|1;UCSD / SCHOLARS - 01|1;UCSD / SCHOLARS - 08|2;UCSD / RADY P357 3|2;UCSD / SCHOLARS - 03|2;UCSD / SCHOLARS - 07|1;UCSD / SIO P001 1|2;UCSD / SCHOLARS - 01|2;UCSD / OSLER 4-1|2
